food_name,serving_quantity,calories_kcal,protein_g,carbohydrates_g,fat_g,fiber_g,sugar_g,saturated_fat_g,cholesterol_mg,sodium_mg,potassium_mg,calcium_mg,iron_mg,magnesium_mg,phosphorus_mg,zinc_mg,vitamin_a_ug,vitamin_b1_mg,vitamin_b2_mg,vitamin_b3_mg,vitamin_b5_mg,vitamin_b6_mg,vitamin_b9_ug,vitamin_b12_ug,vitamin_c_mg,vitamin_d_ug,vitamin_e_mg,vitamin_k_ug
Aappam with Stew (Composite serving density),100 g,122,1.8,15.4,6.2,1.4,1.9,4.5,0,145,92,16,0.52,15,34,0.28,24,0.04,0.03,0.42,0.11,0.05,4.5,0,1.8,0,0.16,1.1
Adai,1 piece (~90g),198,8.4,30.2,4.6,5.2,0.8,0.7,0,270,360,41,2.1,58,142,0.95,24,0.21,0.09,1.1,0.32,0.14,48.5,0,1.2,0,0.62,3.4
Almonds,100 g,579,21.2,21.6,49.9,12.5,4.4,3.8,0,1,733,269,3.71,270,481,3.12,1,0.21,1.14,3.62,0.47,0.14,44.0,0,0,0,25.6,0.0
Aloo Paratha / Gobi / Methi Paratha,1 piece (~120g),275,5.8,44.2,8.1,4.6,1.1,2.4,4,395,240,31,1.95,42,98,0.88,14,0.18,0.06,1.95,0.32,0.14,22.0,0.01,4.5,0.02,0.68,3.6
Amla (Indian Gooseberry Raw),1 piece (~40g),19,0.3,4.1,0.2,1.4,0.4,0.01,0,1,78,10,0.48,4,8,0.05,4,0.01,0.01,0.12,0.06,0.03,2.4,0,240.0,0,0.08,0.0
Appalam (Fried),1 piece (~12g),49,2.1,5.2,2.2,0.6,0.1,0.4,0,195,84,14,0.48,16,34,0.18,0,0.02,0.01,0.24,0.05,0.02,4.5,0,0,0,0.18,0.6
Appam,1 piece (~50g),95,1.4,17.2,2.3,0.6,1.8,1.6,0,115,68,8,0.35,11,28,0.22,0,0.03,0.01,0.28,0.06,0.03,1.8,0,0.2,0,0.08,0.3
Appam / Paal Appam,1 piece (~50g),95,1.4,17.2,2.3,0.6,1.8,1.6,0,115,68,8,0.35,11,28,0.22,0,0.03,0.01,0.28,0.06,0.03,1.8,0,0.2,0,0.08,0.3
Apple,1 piece (~150g),78,0.4,20.7,0.2,3.6,15.6,0.04,0,1,160,9,0.18,7,16,0.06,4,0.02,0.03,0.14,0.09,0.06,4.5,0,6.9,0,0.27,3.3
Aval (Poha) Plain Dry,100 g,346,6.6,77.3,1.2,2.8,0.6,0.25,0,8,145,20,5.5,64,178,1.1,0,0.24,0.05,2.1,0.45,0.16,15.0,0,0,0,0.08,0.2
Aval / Poha (Plain Dry flake),100 g,346,6.6,77.3,1.2,2.8,0.6,0.25,0,8,145,20,5.5,64,178,1.1,0,0.24,0.05,2.1,0.45,0.16,15.0,0,0,0,0.08,0.2
Aval Mixture,100 g,485,8.2,58.4,24.2,3.4,1.8,4.5,0,510,210,41,3.8,52,138,0.81,11,0.18,0.05,1.65,0.34,0.1,18.5,0,0.4,0,3.22,8.5
Aval Upma,100 g,168,2.9,28.2,4.8,1.6,0.5,0.7,0,295,110,18,2.4,28,68,0.48,12,0.11,0.03,0.85,0.16,0.07,8.2,0,2.1,0,0.52,1.8
Aval Upma / Poha (Prepared),100 g,168,2.9,28.2,4.8,1.6,0.5,0.7,0,295,110,18,2.4,28,68,0.48,12,0.11,0.03,0.85,0.16,0.07,8.2,0,2.1,0,0.52,1.8
Avial / Kootu,100 g,98,2.4,9.1,6.1,2.5,2.1,4.2,0,210,195,34,0.88,21,48,0.35,82,0.06,0.04,0.51,0.22,0.07,18.2,0,4.5,0,0.42,6.8
Banana,1 piece (~100g),89,1.1,22.8,0.3,2.6,12.2,0.11,0,1,358,5,0.26,27,22,0.15,3,0.03,0.07,0.67,0.33,0.37,20.0,0,8.7,0,0.1,0.5
Banana with Milk,100 g,76,2.3,12.4,1.9,1.1,8.5,1.1,6,26,242,65,0.18,19,56,0.26,29,0.04,0.1,0.42,0.28,0.18,12.5,0.24,4.1,0.65,0.08,0.3
Beans / Cabbage / Beetroot / Carrot Poriyal,100 g,74,1.6,8.2,4.2,2.8,3.4,2.1,0,195,182,28,0.65,14,32,0.24,180,0.05,0.04,0.42,0.18,0.08,24.0,0,12.5,0,0.38,14.0
Beetroot / Carrot / Radish (Raw),100 g,41,0.9,9.6,0.2,2.8,4.7,0.04,0,69,320,33,0.3,12,35,0.24,835,0.07,0.06,0.98,0.27,0.14,19.0,0,5.9,0,0.66,13.2
Benne Dosa / Paper Roast (Butter Deep Base),1 piece (~80g),290,3.6,29.4,17.6,1.4,0.1,10.5,42,245,92,18,0.94,22,58,0.41,134,0.08,0.04,0.54,0.14,0.05,4.6,0.03,0,0.22,0.55,2.1
Bhatura,1 piece (~75g),245,5.4,34.2,9.5,1.1,0.8,2.1,3,280,62,18,0.72,15,52,0.38,4,0.11,0.05,1.35,0.16,0.03,16.5,0,0,0.01,0.84,2.4
Biscuit / Khakhra (Standard Commercial Baseline),100 g,445,7.8,68.4,15.6,2.4,22.4,7.2,4,390,115,34,1.45,22,84,0.52,14,0.16,0.08,1.8,0.28,0.04,18.0,0.01,0,0.04,0.65,2.2
Bisibele Bath / Sambar Sadam,100 g,146,3.8,22.8,4.3,2.1,1.2,1.9,5,295,132,20,0.85,22,64,0.48,38,0.07,0.03,0.68,0.16,0.06,14.0,0.01,1.4,0.04,0.31,1.4
Black Chickpea Sundal,100 g,164,7.9,21.4,5.2,5.8,1.2,1.9,0,225,298,45,2.4,48,122,0.85,14,0.16,0.05,0.74,0.26,0.11,44.0,0,2.1,0,0.52,2.6
Black Chickpea Sundal (Kala Chana),100 g,164,7.9,21.4,5.2,5.8,1.2,1.9,0,225,298,45,2.4,48,122,0.85,14,0.16,0.05,0.74,0.26,0.11,44.0,0,2.1,0,0.52,2.6
Black Chickpeas (Boiled Raw Index),100 g,142,7.8,21.2,1.4,6.2,0.9,0.18,0,5,310,41,2.4,46,124,0.88,6,0.15,0.05,0.72,0.26,0.12,55.0,0,1.4,0,0.38,2.4
Black Coffee / Green Tea (Plain Unsweetened),100 g,2,0.1,0.2,0.0,0,0,0.0,0,2,49,2,0.02,3,3,0.01,0,0.0,0.01,0.11,0.01,0.0,0,0,0,0,0.0,0.0
Boiled Corn,100 g,96,3.4,21.0,1.5,2.4,4.5,0.2,0,15,218,2,0.52,26,77,0.46,9,0.09,0.06,1.68,0.72,0.14,23.0,0,5.5,0,0.09,0.4
Boiled Egg,1 piece (~50g),78,6.3,0.6,5.3,0,0.6,1.6,186,62,63,25,0.6,5,86,0.52,75,0.03,0.26,0.04,0.7,0.06,22.0,0.56,0,1.1,0.52,0.1
Boiled Eggs,1 piece (~50g),78,6.3,0.6,5.3,0,0.6,1.6,186,62,63,25,0.6,5,86,0.52,75,0.03,0.26,0.04,0.7,0.06,22.0,0.56,0,1.1,0.52,0.1
Bonda / Mysore Bonda / Bajji,1 piece (~50g),162,2.2,16.5,9.8,0.9,0.5,1.5,1,210,84,18,0.58,14,38,0.25,12,0.04,0.03,0.52,0.11,0.04,9.5,0,1.1,0,1.34,3.9
Bread Omelette / Egg Sandwich,"1 piece (2 slices + 1 egg, ~110g)",265,11.2,28.5,11.4,1.8,3.4,3.2,186,420,142,64,1.85,22,145,0.92,76,0.14,0.28,1.95,0.65,0.1,24.0,0.58,0.8,1.1,0.82,2.4
Brinjal / Ladies Finger (Raw),100 g,25,1.0,5.9,0.2,3.0,3.5,0.03,0,2,229,9,0.23,14,24,0.16,1,0.04,0.04,0.65,0.28,0.08,22.0,0,2.2,0,0.3,3.5
Brinjal Curry / Ladies Finger Fry / Mushroom Masala,100 g,92,1.8,8.4,5.8,3.1,2.4,0.8,0,220,210,42,0.82,36,41,0.38,45,0.09,0.05,0.62,0.24,0.15,38.0,0,11.2,0,0.68,22.0
Brown Rice (Cooked),100 g,112,2.6,23.5,0.9,1.8,0.1,0.18,0,4,76,9,0.52,43,102,0.65,0,0.1,0.02,1.5,0.28,0.14,8.0,0,0,0,0.05,0.2
Brown Rice + Dal + Vegetables (Composite Density),100 g,110,3.6,19.8,1.8,3.1,1.2,0.3,0,185,142,24,0.92,36,74,0.58,52,0.11,0.04,1.2,0.24,0.11,18.5,0,3.6,0,0.32,4.5
Bun (Plain Bakery Style),1 piece (~60g),172,4.8,32.4,2.4,1.1,4.8,0.6,2,240,58,22,0.68,14,48,0.32,4,0.1,0.05,1.15,0.18,0.03,14.0,0,0,0,0.22,0.8
Butter,100 g,717,0.9,0.1,81.1,0,0.1,51.4,215,11,24,24,0.02,2,24,0.09,684,0.0,0.03,0.04,0.11,0.0,3.0,0.17,0,1.5,2.32,7.0
Butter Chapati,1 piece (~48g),135,3.6,22.0,4.1,3.2,0.2,1.9,8,125,135,18,1.47,46,110,0.84,24,0.16,0.04,1.66,0.28,0.11,16.8,0.01,0,0.04,0.41,1.1
Butter Naan / Garlic Naan,1 piece (~90g),298,6.5,45.2,10.4,1.6,1.5,5.8,22,410,85,46,0.95,16,74,0.46,65,0.15,0.09,1.92,0.26,0.05,25.5,0.08,0.8,0.16,0.42,1.4
"Buttermilk (Spiced, Diluted)",100 g,22,1.1,1.6,1.2,0.1,1.4,0.7,3,145,52,41,0.08,5,31,0.14,11,0.01,0.04,0.06,0.12,0.02,1.8,0.12,0.8,0.01,0.02,0.1
Cabbage / Cauliflower / Broccoli / Capsicum (Raw),100 g,25,1.3,5.8,0.1,2.5,3.2,0.02,0,18,170,40,0.47,12,26,0.18,5,0.06,0.04,0.23,0.21,0.12,43.0,0,36.6,0,0.15,76.0
Cashews,100 g,553,18.2,30.2,43.8,3.3,5.9,7.8,0,12,660,37,6.68,292,593,5.78,0,0.42,0.06,1.06,0.86,0.42,25.0,0,0.5,0,0.9,34.1
Chapati,1 piece (~45g),108,3.5,21.8,1.2,3.2,0.2,0.2,0,115,132,16,1.45,46,108,0.82,0,0.16,0.04,1.65,0.26,0.11,16.5,0,0,0,0.36,0.8
Chapati / Phulka,1 piece (~45g),108,3.5,21.8,1.2,3.2,0.2,0.2,0,115,132,16,1.45,46,108,0.82,0,0.16,0.04,1.65,0.26,0.11,16.5,0,0,0,0.36,0.8
Chapati / Phulka / Whole Wheat Chapati,1 piece (~45g),108,3.5,21.8,1.2,3.2,0.2,0.2,0,115,132,16,1.45,46,108,0.82,0,0.16,0.04,1.65,0.26,0.11,16.5,0,0,0,0.36,0.8
Cheese (Processed Block),100 g,354,21.2,2.4,28.5,0,0.5,18.2,84,1240,78,680,0.42,24,460,3.1,245,0.02,0.35,0.08,0.41,0.06,14.0,1.15,0,0.42,0.55,2.4
Cheese (Processed Cheddar Indian Block),100 g,354,21.2,2.4,28.5,0,0.5,18.2,84,1240,78,680,0.42,24,460,3.1,245,0.02,0.35,0.08,0.41,0.06,14.0,1.15,0,0.42,0.55,2.4
Cheese Dosa / Paneer Dosa,1 piece (~110g),285,9.4,24.2,16.5,1.1,0.4,9.8,36,310,88,185,0.82,24,122,0.65,92,0.07,0.12,0.48,0.24,0.05,6.8,0.42,0.2,0.14,0.48,1.6
Chicken 65 / Pepper Fry / Sukka / Tikka,100 g,215,18.4,4.1,13.8,0.6,0.2,3.2,64,480,210,22,1.15,26,148,1.1,18,0.07,0.11,6.4,0.62,0.31,6.0,0.38,1.4,0.1,1.15,2.4
Chicken Biryani,100 g,185,9.4,21.8,6.8,0.9,0.5,2.1,28,340,168,18,0.98,24,92,0.78,16,0.07,0.06,2.6,0.38,0.16,8.4,0.24,1.2,0.1,0.52,1.8
Chicken Biryani / Fried Rice,100 g,185,9.4,21.8,6.8,0.9,0.5,2.1,28,340,168,18,0.98,24,92,0.78,16,0.07,0.06,2.6,0.38,0.16,8.4,0.24,1.2,0.1,0.52,1.8
Chicken Breast (Boiled / Grilled Clean cut),100 g,120,25.4,0.0,2.1,0,0,0.6,73,65,312,6,0.43,28,210,0.82,0,0.07,0.1,11.2,0.86,0.55,4.0,0.31,0,0.1,0.22,0.0
"Chicken Breast (Raw, Skinless)",100 g,120,25.4,0.0,2.1,0,0,0.6,73,65,312,6,0.43,28,210,0.82,0,0.07,0.1,11.2,0.86,0.55,4.0,0.31,0,0.1,0.22,0.0
Chicken Curry,100 g,142,14.5,3.2,7.8,0.9,0.5,1.8,48,320,185,18,0.92,24,115,0.85,24,0.06,0.09,5.8,0.52,0.25,8.5,0.34,1.1,0.12,0.64,2.1
Chicken Curry / Gravy / Roast,100 g,142,14.5,3.2,7.8,0.9,0.5,1.8,48,320,185,18,0.92,24,115,0.85,24,0.06,0.09,5.8,0.52,0.25,8.5,0.34,1.1,0.12,0.64,2.1
Chicken Curry / Gravy with Rice (Composite Density),100 g,158,7.8,20.4,5.1,0.6,0.4,1.4,22,260,145,14,0.68,22,78,0.62,18,0.05,0.06,2.4,0.32,0.14,6.8,0.18,0.8,0.08,0.42,1.4
Chicken Keema,100 g,148,18.5,2.1,7.4,0.5,0.2,2.1,72,290,240,14,1.05,22,168,1.15,12,0.06,0.09,6.5,0.64,0.32,6.8,0.32,0.8,0.08,0.38,1.2
Chicken Liver,100 g,119,16.9,0.7,4.8,0,0,1.6,345,71,230,8,8.99,19,297,2.67,3296,0.29,1.78,9.73,6.22,0.85,588.0,16.6,17.9,0.2,0.7,0.0
Chicken Liver (Raw),100 g,119,16.9,0.7,4.8,0,0,1.6,345,71,230,8,8.99,19,297,2.67,3296,0.29,1.78,9.73,6.22,0.85,588.0,16.6,17.9,0.2,0.7,0.0
Chicken Puff,1 piece (~100g),345,11.2,27.4,21.2,1.6,1.5,9.8,28,440,182,22,1.32,21,115,0.78,12,0.11,0.08,4.1,0.48,0.21,18.0,0.12,1.8,0.04,1.85,4.1
Chicken Wings,100 g,203,22.1,0.0,12.8,0,0,3.6,84,78,214,11,1.12,21,165,1.25,24,0.06,0.12,6.8,0.72,0.34,4.0,0.28,0,0.1,0.24,0.0
Chilli Parotta,100 g,248,4.2,31.5,11.6,2.4,3.8,2.6,2,465,134,22,0.92,16,58,0.44,32,0.1,0.05,1.28,0.18,0.07,14.2,0,8.5,0.01,0.95,3.1
Coconut Chutney,100 g,192,2.4,7.4,17.8,3.8,1.9,14.5,0,360,185,16,1.12,26,54,0.42,4,0.04,0.02,0.34,0.15,0.04,12.5,0,1.6,0,0.18,0.8
Coconut Rice,100 g,210,3.2,23.4,11.5,2.1,1.1,8.4,0,265,105,14,0.72,24,52,0.44,4,0.04,0.02,0.45,0.16,0.04,6.8,0,0.6,0,0.48,1.4
Coriander / Mint Leaves (Raw),100 g,23,2.1,3.7,0.5,2.8,0.9,0.04,0,46,521,67,1.77,26,48,0.5,337,0.07,0.16,1.11,0.25,0.15,62.0,0,27.0,0,2.5,310.0
"Cornflakes with Milk (Semi-Skimmed, No Added Sugar)",100 g,105,4.1,18.2,1.8,0.6,4.8,0.9,5,165,152,120,2.1,14,94,0.54,64,0.28,0.31,2.4,0.34,0.32,55.0,0.65,1.1,1.2,0.12,0.2
"Crab (Raw, Meat)",100 g,87,18.1,0.0,1.1,0,0,0.2,78,295,324,89,0.74,34,218,3.54,0,0.04,0.06,2.8,0.35,0.15,42.0,9.0,1.4,0.1,0.78,0.1
"Curd (Whole Milk, Standard Indian)",100 g,61,3.3,4.5,3.4,0,4.1,2.1,10,48,141,121,0.05,12,93,0.41,31,0.03,0.13,0.11,0.38,0.04,5.2,0.36,0.5,0.05,0.06,0.2
Curd (Yogurt - Standard Whole Milk),100 g,61,3.3,4.5,3.4,0,4.1,2.1,10,48,141,121,0.05,12,93,0.41,31,0.03,0.13,0.11,0.38,0.04,5.2,0.36,0.5,0.05,0.06,0.2
Curd / Greek Yogurt,100 g,61,3.3,4.5,3.4,0,4.1,2.1,10,48,141,121,0.05,12,93,0.41,31,0.03,0.13,0.11,0.38,0.04,5.2,0.36,0.5,0.05,0.06,0.2
Curd Rice,100 g,142,3.6,21.2,4.8,0.5,1.8,2.2,6,240,112,78,0.28,15,68,0.38,22,0.03,0.08,0.32,0.24,0.04,4.5,0.18,0.8,0.04,0.35,1.2
Curry Leaves (Raw),100 g,108,6.1,18.7,1.0,6.4,0.5,0.24,0,24,604,830,0.93,42,57,0.21,1260,0.08,0.21,2.3,0.28,0.18,92.0,0,4.1,0,1.82,210.0
Dal Fry / Dal Tadka,100 g,118,5.4,15.2,3.9,3.2,0.6,1.4,4,310,240,28,1.45,36,94,0.68,22,0.14,0.04,0.85,0.21,0.09,38.0,0,1.2,0.02,0.31,1.4
Dates (Dried),100 g,277,1.8,75.0,0.2,6.7,66.5,0.03,0,2,696,64,0.9,54,62,0.44,7,0.05,0.06,1.6,0.59,0.25,15.0,0,0,0,0.05,2.7
Dosa / Plain Dosa,1 piece (~60g),125,2.8,22.4,2.7,1.1,0.1,0.5,0,178,74,12,0.72,18,46,0.32,0,0.06,0.03,0.42,0.1,0.04,3.6,0,0,0,0.35,1.2
Drumstick (Raw pod),100 g,37,2.1,8.5,0.2,3.2,0.6,0.03,0,42,461,30,0.36,45,50,0.45,4,0.05,0.07,0.62,0.79,0.12,44.0,0,141.0,0,0.15,0.0
Egg (Boiled),1 piece (~50g),78,6.3,0.6,5.3,0,0.6,1.6,186,62,63,25,0.6,5,86,0.52,75,0.03,0.26,0.04,0.7,0.06,22.0,0.56,0,1.1,0.52,0.1
Egg Appam,1 piece (~100g),172,7.8,17.8,7.6,0.6,2.4,3.2,186,178,131,33,0.95,16,114,0.74,75,0.06,0.27,0.32,0.76,0.09,23.8,0.56,0.2,1.1,0.6,0.4
Egg Bhurji / Omelette,"1 piece (2 eggs, ~120g)",215,12.8,2.4,17.2,0.4,1.2,4.6,372,280,172,56,1.45,14,182,1.14,154,0.08,0.53,0.24,1.46,0.14,46.5,1.14,2.4,2.2,1.64,4.5
Egg Biryani,100 g,174,6.8,22.4,6.2,0.9,0.6,1.9,68,330,134,24,0.91,19,84,0.64,34,0.06,0.12,1.15,0.42,0.1,12.8,0.28,1.1,0.42,0.48,1.6
Egg Biryani / Fried Rice,100 g,174,6.8,22.4,6.2,0.9,0.6,1.9,68,330,134,24,0.91,19,84,0.64,34,0.06,0.12,1.15,0.42,0.1,12.8,0.28,1.1,0.42,0.48,1.6
Egg Curry,100 g,134,6.8,4.2,9.8,0.6,1.1,2.4,186,320,114,34,0.95,14,92,0.64,76,0.04,0.18,0.38,0.52,0.07,18.5,0.54,1.2,1.1,0.62,2.1
Egg Curry / Masala with Rice (Composite Density),100 g,148,4.9,20.8,4.8,0.6,0.5,1.3,56,275,110,21,0.65,16,72,0.49,38,0.05,0.11,0.62,0.36,0.07,11.5,0.21,0.9,0.34,0.44,1.2
Egg Dosa,1 piece (~120g),240,9.3,23.2,11.8,1.2,0.7,3.1,186,322,162,41,1.46,25,138,0.92,76,0.1,0.3,0.54,0.84,0.11,26.5,0.56,0.8,1.1,1.15,3.5
Egg Kothu Parotta,100 g,224,7.6,24.8,10.5,1.6,1.1,2.8,74,410,128,28,1.18,18,84,0.62,44,0.1,0.14,1.18,0.38,0.07,18.5,0.22,2.8,0.42,0.88,2.5
Egg Omelette,"1 piece (1 large egg base, ~60g)",115,6.5,1.2,9.2,0.2,0.7,2.4,187,145,88,29,0.74,7,92,0.58,78,0.04,0.27,0.12,0.74,0.07,23.5,0.58,1.2,1.12,0.88,2.4
Egg Puff,1 piece (~95g),324,7.2,28.8,19.8,1.8,1.6,9.3,93,410,145,31,1.25,18,98,0.64,55,0.1,0.17,1.22,0.58,0.09,27.5,0.28,2.1,0.55,1.92,4.2
Egg White,1 piece (~33g),17,3.6,0.2,0.1,0,0.2,0.0,0,55,54,2,0.03,4,5,0.01,0,0.0,0.15,0.03,0.05,0.0,1.3,0.03,0,0,0.0,0.0
Egg Yolk,1 piece (~17g),55,2.7,0.6,4.5,0,0.1,1.6,184,8,19,22,0.46,1,66,0.39,65,0.03,0.09,0.01,0.51,0.06,24.0,0.33,0,0.9,0.44,0.1
Filter Coffee / Tea (With Whole Milk & Sugar Setup),100 g,65,2.1,8.5,2.5,0,7.8,1.5,8,32,115,78,0.04,11,62,0.28,22,0.02,0.09,0.21,0.22,0.03,3.4,0.24,0.4,0.04,0.04,0.1
Fish / Prawn Biryani,100 g,171,8.9,21.6,5.4,0.8,0.4,1.5,22,345,175,26,0.88,27,101,0.71,22,0.06,0.06,2.15,0.31,1.4,7.6,0.94,0.9,1.5,0.58,1.4
Fish Biryani,100 g,171,8.9,21.6,5.4,0.8,0.4,1.5,22,345,175,26,0.88,27,101,0.71,22,0.06,0.06,2.15,0.31,0.14,7.6,0.94,0.9,1.5,0.58,1.4
Fish Curry (Seer / Rohu baseline cooked),100 g,128,15.2,2.4,6.1,0.6,0.4,1.2,41,310,210,28,0.85,26,134,0.68,32,0.05,0.06,3.4,0.41,0.18,6.5,1.15,0.8,2.1,0.72,1.2
Fish Curry / Fry / Grilled (Standard baseline dynamic cut),100 g,145,16.5,2.1,8.1,0.4,0.1,1.6,48,315,224,28,0.82,28,148,0.72,28,0.06,0.07,3.1,0.38,0.19,6.8,1.4,0.4,2.2,0.88,1.4
Fish Curry with Rice (Composite Density),100 g,145,7.4,20.2,3.8,0.5,0.3,0.9,18,290,155,22,0.62,25,88,0.55,24,0.05,0.05,1.85,0.26,0.12,6.0,0.85,0.5,1.4,0.52,0.8
Fish Fry,100 g,210,18.5,4.2,13.1,0.4,0.1,2.4,54,410,285,34,1.05,32,165,0.88,32,0.07,0.08,3.4,0.45,0.22,8.5,1.65,0.4,2.8,1.45,3.2
Fresh Fruit Juice (Orange / Mixed Unsweetened Base),100 g,45,0.7,10.4,0.1,0.2,8.4,0.01,0,2,180,11,0.15,10,16,0.06,11,0.08,0.03,0.28,0.21,0.04,25.0,0,45.0,0,0.18,0.1
Fresh Lime Juice (With Sugar Style),100 g,38,0.1,9.6,0.0,0.1,9.2,0.0,0,8,22,4,0.05,2,3,0.02,0,0.01,0.01,0.04,0.03,0.01,2.2,0,9.4,0,0.03,0.1
Fruit Bowl (Mixed Seasonal),100 g,52,0.6,12.8,0.2,1.8,9.8,0.02,0,2,168,11,0.24,9,14,0.08,32,0.03,0.02,0.32,0.15,0.05,11.0,0,28.5,0,0.24,3.2
Fruit Salad / Sliced Papaya / Sliced Watermelon,100 g,46,0.6,11.5,0.1,1.6,8.2,0.01,0,3,154,12,0.22,10,12,0.07,48,0.03,0.03,0.31,0.16,0.04,14.0,0,34.2,0,0.21,2.2
Garlic Chutney,100 g,134,2.8,14.5,7.4,2.1,2.2,1.1,0,420,182,38,0.95,15,52,0.42,24,0.08,0.03,0.55,0.18,0.14,9.5,0,6.4,0,0.82,1.9
Ghee (Pure Cow Ghee),100 g,883,0.0,0.0,99.8,0,0,64.5,256,0,0,0,0.0,0,0,0.0,840,0.0,0.0,0.0,0.0,0.0,0,0.0,0,1.8,2.8,8.4
Ghee Dosa,1 piece (~65g),210,2.9,23.1,11.8,1.1,0.1,7.2,24,182,76,14,0.74,19,48,0.34,84,0.06,0.03,0.43,0.11,0.04,3.7,0.02,0,0.12,0.42,1.6
Ghee Dosa / Ghee Roast Dosa,1 piece (~65g),210,2.9,23.1,11.8,1.1,0.1,7.2,24,182,76,14,0.74,19,48,0.34,84,0.06,0.03,0.43,0.11,0.04,3.7,0.02,0,0.12,0.42,1.6
Ghee Rice,100 g,218,2.8,25.4,11.6,0.5,0.1,7.1,22,260,42,12,0.45,14,45,0.38,78,0.04,0.02,0.42,0.15,0.04,4.2,0.02,0,0.11,0.38,1.4
Greek Yogurt,100 g,97,9.0,4.0,5.0,0,3.6,3.2,13,35,141,110,0.04,11,135,0.52,42,0.02,0.24,0.21,0.42,0.05,6.8,0.75,0,0.05,0.04,0.2
Greek Yogurt / Thick Curd,100 g,97,9.0,4.0,5.0,0,3.6,3.2,13,35,141,110,0.04,11,135,0.52,42,0.02,0.24,0.21,0.42,0.05,6.8,0.75,0,0.05,0.04,0.2
Green Gram Sundal / Sprouts Salad,100 g,145,7.2,18.5,4.8,4.2,1.6,1.8,0,210,284,32,1.65,44,108,0.74,12,0.14,0.06,0.82,0.24,0.09,36.5,0,4.5,0,0.45,2.2
Green Peas / Corn (Raw kernel),100 g,81,5.4,14.5,0.4,5.1,5.7,0.07,0,5,244,25,1.47,33,108,1.24,38,0.27,0.13,2.09,0.1,0.17,65.0,0,40.0,0,0.13,24.8
Grilled Chicken,100 g,165,31.0,0.0,3.6,0,0,1.0,85,74,256,15,1.04,29,228,1.0,0,0.07,0.11,13.8,0.96,0.6,4.0,0.34,0,0.1,0.27,0.0
Guava,1 piece (~100g),68,2.6,14.3,0.9,5.4,8.9,0.27,0,2,417,18,0.26,22,40,0.23,31,0.07,0.04,1.08,0.45,0.11,49.0,0,228.3,0,0.73,2.6
Idiyappam,1 piece (~40g),62,1.1,13.8,0.2,0.4,0.05,0.04,0,72,16,3,0.18,6,18,0.14,0,0.02,0.01,0.22,0.04,0.02,1.2,0,0,0,0.01,0.1
Idiyappam (String Hoppers) / Coconut Idiyappam,1 piece (~40g),62,1.1,13.8,0.2,0.4,0.05,0.04,0,72,16,3,0.18,6,18,0.14,0,0.02,0.01,0.22,0.04,0.02,1.2,0,0,0,0.01,0.1
Idli,1 piece (~40g),55,1.8,11.3,0.1,0.9,0.1,0.02,0,101,48,8,0.68,14,32,0.2,0,0.05,0.02,0.35,0.08,0.04,3.0,0,0,0,0.02,0.1
Indian Desserts (Mysore Pak / Laddu / Gulab Jamun / Jalebi / Halwa / Kesari),100 g,415,4.2,58.2,18.5,0.8,48.5,11.2,38,84,92,46,0.88,14,54,0.31,94,0.04,0.06,0.45,0.15,0.03,6.8,0.14,0.2,0.18,0.38,1.1
Jeera Rice,100 g,156,2.9,24.8,5.1,0.8,0.1,2.2,6,270,64,21,0.84,18,49,0.41,24,0.05,0.02,0.45,0.16,0.05,5.1,0.01,0.2,0.03,0.26,1.1
Jeera Rice / Peas Pulao,100 g,156,2.9,24.8,5.1,0.8,0.1,2.2,6,270,64,21,0.84,18,49,0.41,24,0.05,0.02,0.45,0.16,0.05,5.1,0.01,0.2,0.03,0.26,1.1
Kal Dosa,1 piece (~75g),145,3.4,26.8,2.2,1.4,0.1,0.4,0,210,88,15,0.84,22,55,0.38,0,0.07,0.04,0.5,0.12,0.05,4.2,0,0,0,0.28,1.0
Kambu Dosa,1 piece (~65g),138,3.8,23.5,2.9,2.4,0.2,0.5,0,185,156,24,1.92,52,118,0.88,2,0.15,0.06,0.85,0.28,0.12,16.5,0,0,0,0.42,1.4
Kambu Idli,1 piece (~45g),65,1.9,12.2,0.4,1.4,0.1,0.06,0,115,98,14,1.28,34,78,0.58,1,0.11,0.04,0.62,0.18,0.08,12.2,0,0,0,0.18,0.5
Kambu Koozh,100 g,74,2.1,13.5,1.1,1.8,0.5,0.22,1,68,115,28,1.45,34,82,0.65,8,0.09,0.04,0.52,0.22,0.08,12.8,0.04,0.2,0.01,0.22,0.6
Kambu Koozh / Ragi Koozh (Porridge),100 g,74,2.1,13.5,1.1,1.8,0.5,0.22,1,68,115,28,1.45,34,82,0.65,8,0.09,0.04,0.52,0.22,0.08,12.8,0.04,0.2,0.01,0.22,0.6
"Kambu Rice / Samai Rice / Varagu Rice (Plain, Cooked Baseline)",100 g,116,3.4,22.1,1.1,3.2,0.1,0.2,0,4,95,15,2.1,46,114,0.76,1,0.14,0.04,1.15,0.24,0.11,14.5,0,0,0,0.12,0.3
Kanchipuram Idli,1 piece (~65g),120,3.2,17.8,4.1,1.6,0.2,1.8,5,185,82,18,0.62,21,48,0.35,12,0.07,0.03,0.48,0.14,0.05,4.8,0,0.4,0.05,0.15,0.6
Keerai Masiyal / Keerai Kootu,100 g,68,2.8,5.4,3.9,3.2,0.4,0.6,0,240,310,145,2.8,54,52,0.48,420,0.07,0.12,0.65,0.24,0.14,85.0,0,28.0,0,1.15,240.0
Kiwi / Pear / Strawberry / Blueberry / Dragon Fruit / Custard Apple (Raw),100 g,57,0.7,14.1,0.3,2.4,9.8,0.02,0,2,152,14,0.24,11,19,0.1,2,0.03,0.03,0.31,0.15,0.05,14.0,0,41.2,0,0.42,3.8
Kootu / Avial / Pumpkin Kootu,100 g,98,2.4,9.1,6.1,2.5,2.1,4.2,0,210,195,34,0.88,21,48,0.35,82,0.06,0.04,0.51,0.22,0.07,18.2,0,4.5,0,0.42,6.8
Kothu Parotta / Vegetable Kothu Parotta,100 g,210,4.5,29.2,8.4,2.1,1.4,2.2,3,395,114,21,0.95,19,62,0.48,28,0.11,0.06,1.32,0.19,0.06,16.0,0,3.4,0.01,0.72,2.8
Kozhukattai (Savory),1 piece (~45g),78,1.4,14.8,1.4,0.6,0.1,0.8,0,110,44,7,0.32,10,26,0.18,2,0.03,0.01,0.32,0.06,0.03,2.1,0,0.2,0,0.08,0.3
Kuthiraivali Pongal,100 g,174,4.8,22.2,6.8,3.2,0.2,3.4,10,285,145,18,1.95,44,105,0.74,42,0.14,0.04,1.15,0.25,0.1,18.5,0.01,0.3,0.06,0.36,1.1
Kuzhi Paniyaram,1 piece (~25g),48,0.9,7.4,1.6,0.4,0.05,0.3,0,68,28,5,0.25,7,18,0.12,1,0.02,0.01,0.16,0.04,0.02,1.4,0,0.1,0,0.14,0.4
Kuzhi Paniyaram / Kara Paniyaram,1 piece (~25g),48,0.9,7.4,1.6,0.4,0.05,0.3,0,68,28,5,0.25,7,18,0.12,1,0.02,0.01,0.16,0.04,0.02,1.4,0,0.1,0,0.14,0.4
Lachha Paratha,1 piece (~80g),262,5.4,38.2,9.8,1.8,0.6,4.5,14,290,88,19,0.92,21,64,0.48,42,0.12,0.05,1.45,0.21,0.06,14.8,0.02,0,0.08,0.54,1.9
Lassi / Rose Milk / Badam Milk (Traditional sweetened setup),100 g (~100ml),94,2.8,13.5,3.1,0.2,12.8,1.9,9,38,124,105,0.18,12,84,0.34,28,0.03,0.12,0.15,0.31,0.04,4.2,0.38,0.4,0.04,0.21,0.2
Lemon Juice / Fresh Lime Soda (With Sweetener),100 g,38,0.1,9.6,0.0,0.1,9.2,0.0,0,8,22,4,0.05,2,3,0.02,0,0.01,0.01,0.04,0.03,0.01,2.2,0,9.4,0,0.03,0.1
Lemon Rice,100 g,168,3.1,24.8,6.2,0.9,0.4,0.9,0,280,62,12,0.65,16,46,0.36,14,0.05,0.02,0.48,0.14,0.04,6.2,0,5.4,0,0.58,1.8
Mango (Raw slice),100 g,60,0.8,15.0,0.4,1.6,13.7,0.09,0,1,168,11,0.16,10,14,0.09,54,0.03,0.04,0.67,0.2,0.12,43.0,0,36.4,0,0.9,4.2
Masala Dosa,1 piece (~150g),315,5.4,48.2,11.2,3.8,1.4,2.5,0,460,320,32,1.95,42,98,0.75,42,0.14,0.07,1.15,0.35,0.16,14.5,0,5.8,0,1.25,3.8
Masala Vadai / Paruppu Vadai,1 piece (~40g),134,3.1,11.2,8.5,2.4,0.4,1.2,0,165,142,15,0.88,24,52,0.34,8,0.07,0.03,0.45,0.12,0.05,18.0,0,0.8,0,1.15,3.4
Medu Vada / Masala Vada,1 piece (~45g),148,2.8,12.5,9.6,1.4,0.1,1.4,0,180,92,14,0.65,18,44,0.28,2,0.05,0.02,0.38,0.09,0.04,12.5,0,0.2,0,1.22,3.8
Medu Vadai / Ulundhu Vadai,1 piece (~45g),148,2.8,12.5,9.6,1.4,0.1,1.4,0,180,92,14,0.65,18,44,0.28,2,0.05,0.02,0.38,0.09,0.04,12.5,0,0.2,0,1.22,3.8
Milk (Whole Cow Milk),100 g (~100ml),61,3.2,4.7,3.3,0,4.7,2.1,10,44,139,118,0.03,11,91,0.38,29,0.03,0.14,0.09,0.36,0.04,4.5,0.42,0.5,0.04,0.06,0.2
Milk / Skim Milk / Full Cream Milk (Baseline average mapping),100 g (~100ml),61,3.2,4.7,3.3,0,4.7,2.1,10,44,139,118,0.03,11,91,0.38,29,0.03,0.14,0.09,0.36,0.04,4.5,0.42,0.5,0.04,0.06,0.2
Millet Meals / Thinai Rice + Sambar (Composite Density),100 g,114,3.8,19.5,2.1,3.4,0.9,0.4,0,190,148,26,1.35,41,88,0.65,28,0.12,0.04,1.1,0.22,0.1,21.0,0,1.8,0,0.28,1.4
Millet Rice (Cooked Foxtail/Barnyard),100 g,118,3.5,22.4,1.0,2.8,0.08,0.15,0,3,92,14,1.6,52,120,0.82,0,0.14,0.04,1.2,0.25,0.11,14.0,0,0,0,0.06,0.2
Mini Idli,1 piece (~12g),17,0.5,3.4,0.03,0.3,0.03,0.01,0,30,14,2.4,0.2,4.2,9.6,0.06,0,0.015,0.006,0.1,0.02,0.01,0.9,0,0,0,0.01,0.03
Mini Meals (Composite Density),100 g,152,3.4,23.8,4.9,1.8,1.4,1.5,2,295,128,32,0.84,21,58,0.46,28,0.07,0.04,0.65,0.18,0.06,12.0,0.01,2.8,0.01,0.51,2.4
Mint / Coriander / Curry Leaf Rice,100 g,148,3.2,23.5,4.6,1.8,0.5,0.7,0,295,145,28,1.15,22,48,0.38,110,0.06,0.04,0.55,0.18,0.07,18.5,0,8.4,0,0.48,12.5
Mint / Coriander Chutney,100 g,62,1.9,5.4,3.8,2.4,0.8,0.5,0,380,240,48,2.1,22,34,0.31,185,0.06,0.05,0.52,0.16,0.08,42.0,0,24.0,0,0.64,45.0
Mixed Nuts / Almonds / Walnuts (Standardized Matrix),100 g,607,18.4,16.8,54.2,8.1,4.2,5.4,0,4,620,185,3.4,210,410,2.9,1,0.32,0.58,3.8,0.85,0.28,44.0,0,0.4,0,14.5,2.8
Mor Kuzhambu,100 g,62,1.9,4.2,4.5,0.6,2.4,2.6,8,260,110,85,0.22,11,54,0.31,24,0.02,0.08,0.15,0.24,0.03,4.5,0.22,0.8,0.04,0.11,0.4
Muesli with Milk,100 g,138,4.9,22.4,3.2,2.1,6.4,1.1,4,72,210,128,1.45,32,118,0.72,42,0.16,0.22,1.15,0.42,0.14,24.0,0.48,1.4,0.85,0.68,0.9
Mushroom Dosa / Mysore Masala Dosa,1 piece (~140g),268,5.8,41.5,8.5,3.4,1.6,1.8,0,390,285,26,1.65,34,82,0.68,22,0.12,0.08,1.65,0.31,0.12,14.0,0.04,4.2,0.15,0.85,2.6
"Mutton (Raw, Lean Cut)",100 g,143,20.2,0.0,6.5,0,0,2.8,68,62,285,11,2.45,22,168,3.82,0,0.11,0.22,4.95,0.65,0.24,6.0,2.15,0,0.1,0.21,0.0
Mutton Biryani,100 g,198,9.8,21.1,8.2,0.8,0.4,3.4,32,355,182,20,1.42,26,98,1.48,11,0.08,0.07,2.1,0.32,0.12,8.8,0.74,0.8,0.06,0.44,1.5
Mutton Curry / Chukka / Pepper Fry,100 g,185,16.4,2.8,12.2,0.8,0.4,5.4,64,320,210,19,2.1,22,145,2.8,11,0.08,0.16,3.8,0.48,0.18,8.0,1.8,0.8,0.08,0.42,1.4
Mutton Curry / Chukka with Rice (Composite Density),100 g,172,8.2,19.8,6.8,0.7,0.3,2.8,26,280,162,16,1.25,24,85,1.35,12,0.06,0.07,1.95,0.28,0.11,7.2,0.68,0.6,0.05,0.38,1.1
Mutton Liver,100 g,138,21.1,1.8,5.1,0,0,1.8,380,79,284,9,12.4,21,340,4.1,7400,0.34,2.84,11.8,6.8,0.92,240.0,58.0,11.5,0.4,0.65,0.0
Naan / Kulcha,1 piece (~80g),235,6.1,43.8,3.8,1.5,1.4,0.9,4,360,64,38,0.88,14,68,0.41,6,0.14,0.08,1.85,0.22,0.04,24.0,0.01,0,0.01,0.24,0.8
Neer Dosa,1 piece (~30g),48,0.8,9.8,0.6,0.2,0.02,0.1,0,45,11,2,0.08,4,12,0.09,0,0.01,0.01,0.15,0.02,0.01,0.8,0,0,0,0.04,0.1
Nuts Mix (Almonds / Cashews / Walnuts / Pistachios / Peanuts),100 g,575,20.2,22.1,48.5,8.5,4.5,5.2,0,4,710,142,4.1,195,420,3.1,4,0.42,0.32,4.2,0.72,0.38,54.0,0,0.5,0,11.2,11.4
Oats Dosa / Thinai / Kambu / Varagu / Samai Dosa,1 piece (~65g),134,3.9,22.1,2.8,2.1,0.1,0.4,0,180,122,16,1.35,38,94,0.64,1,0.14,0.04,1.15,0.22,0.09,15.2,0,0,0,0.38,1.3
Oats Idli,1 piece (~50g),78,2.4,13.5,1.4,1.6,0.3,0.2,0,145,74,19,0.58,18,46,0.36,11,0.07,0.03,0.41,0.12,0.04,8.4,0,0.6,0,0.18,0.8
Oats Porridge (with Water),100 g,54,1.9,9.4,0.9,1.4,0.1,0.15,0,45,54,8,0.62,18,44,0.42,0,0.08,0.02,0.15,0.14,0.02,4.5,0,0,0,0.06,0.3
Oats Upma / Vegetable Oats,100 g,118,3.1,16.2,4.5,2.8,0.9,0.7,0,285,142,22,1.05,28,74,0.62,58,0.12,0.04,0.45,0.22,0.06,14.5,0,4.2,0,0.54,3.2
Okra Fry (Bhindi) / Brinjal Curry,100 g,92,1.8,8.4,5.8,3.1,2.4,0.8,0,220,210,42,0.82,36,41,0.38,45,0.09,0.05,0.62,0.24,0.15,38.0,0,11.2,0,0.68,22.0
Omelette / Egg Bhurji (2 Egg Base Setup),1 piece (~120g),215,12.8,2.4,17.2,0.4,1.2,4.6,372,280,172,56,1.45,14,182,1.14,154,0.08,0.53,0.24,1.46,0.14,46.5,1.14,2.4,2.2,1.64,4.5
Onion (Raw),100 g,40,1.1,9.3,0.1,1.7,4.2,0.04,0,4,146,23,0.21,10,29,0.17,0,0.05,0.03,0.12,0.12,0.12,19.0,0,7.4,0,0.02,0.4
Onion Dosa,1 piece (~90g),178,3.6,29.5,4.8,2.1,1.8,0.8,0,245,142,21,1.05,26,64,0.44,4,0.09,0.04,0.58,0.18,0.08,7.2,0,2.4,0,0.52,1.8
Orange,1 piece (~130g),61,1.2,15.3,0.1,3.1,12.2,0.02,0,0,235,52,0.13,13,18,0.09,14,0.11,0.05,0.37,0.32,0.08,39.0,0,69.2,0,0.23,0.0
Pakoda / Murukku / Thattai / Seedai / Mixture / Kara Sev / Ribbon Pakoda,100 g,525,9.5,51.4,31.2,3.8,1.1,6.4,0,680,240,54,2.1,48,142,0.88,18,0.14,0.06,1.45,0.32,0.11,24.0,0,0.6,0,4.85,12.4
Paneer,100 g,265,18.3,1.2,20.8,0,1.2,13.4,64,18,52,480,0.22,16,294,1.15,142,0.03,0.22,0.14,0.26,0.04,11.0,0.82,0,0.25,0.38,1.2
Paneer Biryani / Fried Rice,100 g,192,6.8,23.1,8.1,1.1,0.8,4.5,18,325,114,110,0.74,19,94,0.64,41,0.06,0.08,1.1,0.26,0.07,11.0,0.22,1.2,0.08,0.45,1.9
Paneer Butter Masala / Kadai / Palak Paneer,100 g,185,8.4,4.5,15.6,0.8,2.1,8.4,26,340,114,220,0.68,18,142,0.65,110,0.04,0.16,0.32,0.28,0.06,18.0,0.45,2.8,0.14,0.58,18.5
Paneer Cubes,100 g,265,18.3,1.2,20.8,0,1.2,13.4,64,18,52,480,0.22,16,294,1.15,142,0.03,0.22,0.14,0.26,0.04,11.0,0.82,0,0.25,0.38,1.2
Paneer Curry,100 g,164,7.4,4.1,13.5,0.6,1.1,7.2,22,285,84,165,0.34,12,118,0.52,54,0.03,0.11,0.24,0.22,0.04,6.8,0.32,0.8,0.11,0.35,1.1
Paneer Paratha,1 piece (~130g),345,11.2,41.8,15.2,3.8,1.4,7.4,28,410,195,180,1.82,44,165,1.14,58,0.16,0.12,1.82,0.38,0.12,24.5,0.28,1.2,0.11,0.72,3.8
Paniyaram (Kuzhi Paniyaram),1 piece (~25g),48,0.9,7.4,1.6,0.4,0.05,0.3,0,68,28,5,0.25,7,18,0.12,1,0.02,0.01,0.16,0.04,0.02,1.4,0,0.1,0,0.14,0.4
Parotta,1 piece (~80g),258,6.2,41.5,7.4,1.4,0.8,1.8,4,380,68,14,0.85,16,58,0.42,4,0.12,0.06,1.45,0.18,0.04,18.5,0,0,0.02,0.65,2.4
Parotta / Ceylon / Bun / Veechu Parotta,1 piece (~80g),258,6.2,41.5,7.4,1.4,0.8,1.8,4,380,68,14,0.85,16,58,0.42,4,0.12,0.06,1.45,0.18,0.04,18.5,0,0,0.02,0.65,2.4
Payasam / Kheer / Sweet Pongal,100 g,145,3.2,24.2,3.9,0.4,18.5,2.2,11,42,128,102,0.45,14,78,0.38,34,0.03,0.12,0.22,0.28,0.04,4.5,0.34,0.4,0.04,0.12,0.3
Peanut Butter Sandwich,"1 piece (2 slices bread + 1.5 tbsp PB, ~90g)",310,11.4,34.2,14.8,3.8,5.2,2.8,0,390,224,52,1.95,62,145,1.12,0,0.18,0.09,4.8,0.42,0.14,34.0,0,0,0,2.85,1.1
Peanut Chutney,100 g,245,8.5,9.8,19.4,3.1,1.8,2.9,0,350,260,28,1.35,58,124,0.94,6,0.18,0.04,4.1,0.45,0.12,46.5,0,0.8,0,2.95,1.1
Peanut Sundal,100 g,285,11.2,12.4,21.5,4.6,2.1,3.4,0,240,340,38,1.85,84,182,1.42,8,0.28,0.06,5.4,0.65,0.18,62.0,0,1.1,0,3.85,1.2
Peanut Sundal / Roasted Peanuts,100 g,567,25.8,16.1,49.2,8.5,4.7,6.8,0,18,705,92,4.6,168,376,3.3,0,0.64,0.14,12.1,1.76,0.35,240.0,0,0,0,8.33,0.7
Peanuts,100 g,567,25.8,16.1,49.2,8.5,4.7,6.8,0,18,705,92,4.6,168,376,3.3,0,0.64,0.14,12.1,1.76,0.35,240.0,0,0,0,8.33,0.7
Pesarattu (Green Gram Dosa),1 piece (~85g),165,7.8,26.2,3.4,4.6,1.1,0.5,0,240,324,34,1.82,52,124,0.88,18,0.18,0.08,0.95,0.28,0.12,42.0,0,1.6,0,0.55,2.8
Pickle (Mango / Lemon Oil-Based),100 g,185,1.4,12.8,14.2,3.1,6.5,2.1,0,4200,160,45,1.2,18,24,0.22,115,0.03,0.04,0.45,0.14,0.06,8.0,0,14.2,0,2.15,4.5
Pineapple / Grapes / Sapota / Jackfruit / Muskmelon (Raw slice),100 g,50,0.5,13.1,0.1,1.4,9.9,0.01,0,1,109,13,0.29,12,8,0.12,3,0.08,0.03,0.5,0.21,0.11,18.0,0,47.8,0,0.02,0.7
Pistachios,100 g,562,20.2,27.5,45.3,10.6,7.6,5.9,0,1,1025,105,3.92,121,490,2.2,26,0.87,0.16,1.3,0.52,1.7,51.0,0,5.6,0,2.3,13.2
Plain Dosa / Roast Dosa,1 piece (~60g),125,2.8,22.4,2.7,1.1,0.1,0.5,0,178,74,12,0.72,18,46,0.32,0,0.06,0.03,0.42,0.1,0.04,3.6,0,0,0,0.35,1.2
Pomegranate (Arils),100 g,83,1.7,18.7,1.2,4.0,13.7,0.12,0,3,236,10,0.3,12,36,0.35,0,0.07,0.05,0.29,0.38,0.08,38.0,0,10.2,0,0.6,16.4
Pongal (Sweet),100 g,245,3.8,44.5,5.9,1.1,28.2,3.4,11,48,118,28,1.62,26,68,0.45,41,0.06,0.03,0.62,0.15,0.05,9.5,0.01,0.2,0.06,0.28,0.9
Pongal (Ven / Khara Pongal),100 g,185,4.6,24.8,7.6,2.2,0.2,3.8,12,285,142,18,1.15,32,78,0.58,46,0.09,0.04,0.75,0.18,0.07,16.5,0.01,0.4,0.08,0.32,1.1
Poori,1 piece (~35g),122,2.4,15.4,5.8,1.8,0.1,0.9,0,92,94,11,0.98,31,74,0.55,0,0.11,0.03,1.12,0.18,0.07,11.2,0,0,0,0.82,3.1
Popcorn (Plain Air Popped),100 g,387,12.9,77.8,4.5,14.5,0.8,0.6,0,4,329,7,3.1,144,358,3.1,11,0.2,0.08,2.6,0.5,0.16,31.0,0,0,0,0.29,1.2
Pori (Puffed Rice) Plain,100 g,363,6.4,80.1,0.4,1.5,0.1,0.08,0,6,112,14,1.22,31,108,0.52,0,0.08,0.02,1.25,0.22,0.05,6.0,0,0,0,0.02,0.1
Poriyal (Beans / Cabbage / Carrot / Beetroot Base),100 g,74,1.6,8.2,4.2,2.8,3.4,2.1,0,195,182,28,0.65,14,32,0.24,180,0.05,0.04,0.42,0.18,0.08,24.0,0,12.5,0,0.38,14.0
Potato (Raw),100 g,77,2.0,17.5,0.1,2.2,0.8,0.03,0,6,421,12,0.78,23,57,0.29,0,0.08,0.03,1.05,0.3,0.3,16.0,0,19.7,0,0.01,1.9
Potato Fry / Yam Fry / Raw Banana Fry,100 g,164,2.1,21.5,7.8,2.4,1.1,1.2,0,285,340,16,0.95,24,54,0.36,14,0.08,0.03,1.2,0.28,0.16,11.0,0,8.5,0,0.92,3.4
Potato Masala (Dosa Stuffing Style),100 g,124,2.1,18.5,4.8,2.2,1.4,0.6,0,310,295,18,0.78,21,46,0.32,28,0.08,0.03,1.1,0.28,0.14,12.0,0,7.2,0,0.52,2.1
Potato Masala / Potato Fry,100 g,124,2.1,18.5,4.8,2.2,1.4,0.6,0,310,295,18,0.78,21,46,0.32,28,0.08,0.03,1.1,0.28,0.14,12.0,0,7.2,0,0.52,2.1
Prawn / Crab Curry / Masala / Fry,100 g,128,15.4,3.1,6.1,0.5,0.2,0.9,114,380,195,46,0.95,29,135,1.65,41,0.04,0.05,2.1,0.32,0.12,14.0,1.8,0.8,0.12,1.15,0.9
Prawn / Crab Curry with Rice (Composite Density),100 g,141,7.1,20.5,3.4,0.5,0.4,0.8,28,315,138,26,0.74,23,81,0.68,15,0.04,0.04,1.55,0.24,0.09,5.8,0.54,0.7,0.12,0.48,0.9
"Prawns (Raw, Peeled)",100 g,85,20.1,0.0,0.5,0,0,0.1,152,118,220,52,0.48,31,205,1.11,54,0.03,0.03,2.5,0.34,0.11,4.0,1.15,0,0.1,1.42,0.0
Pulses Matrix (Boiled Chickpeas / Moong / Urad / Kollu / Karamani / Rajma),100 g,139,7.6,20.1,1.1,5.8,1.1,0.15,0,4,292,36,2.1,43,115,0.84,4,0.14,0.05,0.65,0.24,0.11,52.0,0,1.2,0,0.34,2.1
Pumpkin / Ash / Bitter / Snake / Bottle / Ridge Gourd / Cucumber (Raw),100 g,15,0.6,3.6,0.1,0.5,1.7,0.01,0,2,147,16,0.28,13,24,0.2,5,0.03,0.03,0.4,0.26,0.04,7.0,0,2.8,0,0.03,1.1
Puttu,100 g,240,4.5,44.2,4.8,1.8,0.4,3.6,0,160,82,12,0.65,19,54,0.45,0,0.06,0.02,0.74,0.14,0.05,3.8,0,0.1,0,0.06,0.2
Ragi / Millet Idli,1 piece (~45g),62,1.6,12.8,0.2,1.9,0.1,0.03,0,112,124,110,1.05,32,64,0.48,1,0.11,0.04,0.45,0.16,0.08,11.0,0,0,0,0.12,0.4
Ragi Dosa,1 piece (~65g),132,3.1,24.2,2.5,3.1,0.2,0.4,0,182,185,162,1.42,48,92,0.72,2,0.14,0.06,0.58,0.24,0.11,14.2,0,0,0,0.32,1.1
Ragi Idli,1 piece (~45g),62,1.6,12.8,0.2,1.9,0.1,0.03,0,112,124,110,1.05,32,64,0.48,1,0.11,0.04,0.45,0.16,0.08,11.0,0,0,0,0.12,0.4
"Ragi Mudde (Plain, Cooked)",100 g,120,2.6,25.4,0.5,3.6,0.2,0.1,0,15,145,344,3.8,65,126,0.92,2,0.18,0.08,0.65,0.31,0.14,16.2,0,0,0,0.18,0.6
Ragi Porridge / Malt (Unsweetened),100 g,68,1.5,14.2,0.4,2.2,0.1,0.05,0,42,135,122,1.12,38,74,0.52,1,0.12,0.05,0.42,0.18,0.09,11.5,0,0,0,0.15,0.5
Raisins / Dates (Dried),100 g,285,2.1,76.2,0.3,5.4,62.4,0.04,0,8,720,54,1.2,42,82,0.32,2,0.06,0.08,1.2,0.42,0.18,8.0,0,1.1,0,0.11,3.1
Rajma Curry / Chole Masala,100 g,134,6.2,18.5,4.1,4.8,1.4,0.6,0,325,290,38,1.92,41,114,0.78,14,0.12,0.05,0.68,0.24,0.1,42.0,0,2.4,0,0.46,2.1
Rasam,100 g,34,0.6,4.8,1.5,0.5,0.3,0.2,0,285,62,12,0.38,9,14,0.14,14,0.02,0.01,0.28,0.04,0.03,3.8,0,3.4,0,0.12,1.1
Rasam Rice,100 g,98,1.8,19.8,1.2,0.6,0.4,0.2,0,230,58,11,0.42,14,35,0.32,12,0.03,0.02,0.38,0.11,0.04,5.4,0,2.1,0,0.15,0.8
Rasgulla,1 piece (~40g),74,1.6,14.5,1.1,0,13.8,0.7,3,12,21,48,0.05,3,31,0.12,11,0.01,0.03,0.02,0.04,0.01,1.1,0.08,0,0.02,0.02,0.1
Rava Dosa,1 piece (~70g),155,3.8,25.4,4.2,1.1,0.5,0.9,0,225,92,18,0.88,20,56,0.42,5,0.09,0.04,0.82,0.18,0.06,11.2,0,0.2,0,0.48,1.4
Rava Idli,1 piece (~50g),94,2.4,15.2,2.6,0.7,0.4,0.8,2,165,68,24,0.52,12,38,0.28,8,0.06,0.04,0.55,0.12,0.04,8.5,0.05,0.2,0.02,0.12,0.4
Rava Pongal,100 g,172,4.9,22.1,6.8,1.4,0.4,3.4,10,290,118,22,1.02,25,72,0.52,42,0.09,0.04,0.95,0.16,0.06,18.2,0.01,0.3,0.06,0.28,0.9
Rava Upma / Wheat Upma,100 g,142,3.2,22.1,4.5,1.2,0.6,0.8,0,310,85,16,0.78,18,48,0.36,14,0.08,0.03,0.72,0.14,0.05,9.5,0,1.8,0,0.48,1.6
Raw Pulses Baseline (Whole Dry Chickpeas / Rajma / Moong / Horse Gram),100 g,335,22.1,57.4,1.8,14.2,2.4,0.25,0,12,840,74,5.8,140,340,2.8,15,0.48,0.18,2.4,0.72,0.38,180.0,0,1.5,0,0.55,5.4
Raw Split Dals (Toor / Moong / Masoor / Urad / Chana Dal Matrix),100 g,343,23.8,58.9,1.4,11.5,2.1,0.22,0,8,810,56,4.4,122,310,2.4,12,0.45,0.15,2.2,0.61,0.32,145.0,0,0,0,0.42,4.8
Raw Splits (Toor / Moong / Urad / Masoor / Chana Dal),100 g,343,23.8,58.9,1.4,11.5,2.1,0.22,0,8,810,56,4.4,122,310,2.4,12,0.45,0.15,2.2,0.61,0.32,145.0,0,0,0,0.42,4.8
Raw Whole Legumes (Green / Black Gram / Kidney / Black-Eyed / Soybeans),100 g,335,22.1,57.4,1.8,14.2,2.4,0.25,0,12,840,74,5.8,140,340,2.8,15,0.48,0.18,2.4,0.72,0.38,180.0,0,1.5,0,0.55,5.4
Red Rice (Cooked),100 g,115,2.7,23.1,1.1,2.2,0.1,0.2,0,5,88,11,1.2,48,115,0.72,2,0.12,0.03,1.8,0.32,0.18,9.5,0,0,0,0.08,0.3
Rice + Mor Kuzhambu,100 g,118,2.8,20.1,2.9,0.8,1.4,1.4,4,240,94,46,0.38,15,52,0.39,21,0.04,0.05,0.41,0.18,0.04,6.2,0.11,0.6,0.02,0.22,0.9
Rice + Rasam,100 g,98,1.8,19.8,1.2,0.6,0.4,0.2,0,230,58,11,0.42,14,35,0.32,12,0.03,0.02,0.38,0.11,0.04,5.4,0,2.1,0,0.15,0.8
Rice + Sambar,100 g,112,2.6,21.5,1.6,1.5,0.8,0.3,0,210,92,16,0.54,18,44,0.41,24,0.04,0.02,0.48,0.14,0.05,9.2,0,1.6,0,0.18,1.1
Rice + Vatha / Kara / Puli Kuzhambu,100 g,126,2.1,22.4,3.1,1.2,1.6,0.5,0,265,74,19,0.68,16,41,0.35,18,0.04,0.02,0.42,0.12,0.04,6.5,0,1.1,0,0.34,1.4
Rice + Vegetable Kurma,100 g,132,2.5,21.8,3.8,1.4,1.1,2.1,0,215,120,18,0.58,17,45,0.39,34,0.05,0.03,0.55,0.18,0.06,9.4,0,2.4,0,0.26,1.4
Roasted Chana,100 g,369,18.6,58.2,5.8,10.8,2.4,0.6,0,12,720,56,4.8,115,284,1.9,14,0.38,0.12,1.45,0.54,0.28,145.0,0,1.2,0,0.82,4.2
Rumali Roti,1 piece (~50g),142,3.8,28.5,1.4,1.2,0.4,0.3,0,195,46,12,0.58,11,42,0.29,0,0.08,0.04,1.1,0.12,0.03,11.5,0,0,0,0.12,0.4
Samai Upma,100 g,141,3.9,21.9,4.2,3.6,0.5,0.7,0,310,128,14,3.4,46,95,0.72,11,0.15,0.04,0.92,0.24,0.09,14.2,0,1.5,0,0.48,1.6
Sambar,100 g,65,2.1,8.9,2.4,1.8,1.4,0.4,0,340,148,24,0.72,21,48,0.35,48,0.05,0.03,0.48,0.12,0.06,14.2,0,3.1,0,0.24,1.8
Sambar Idli,100 g,112,3.8,19.5,2.1,2.4,1.1,0.35,0,310,165,22,0.85,26,64,0.45,35,0.08,0.04,0.65,0.18,0.08,11.5,0,2.1,0,0.22,1.4
Sambar Rice,100 g,146,3.8,22.8,4.3,2.1,1.2,1.9,5,295,132,20,0.85,22,64,0.48,38,0.07,0.03,0.68,0.16,0.06,14.0,0.01,1.4,0.04,0.31,1.4
Samosa,1 piece (~70g),210,3.4,24.5,11.2,1.8,1.1,2.8,0,285,145,16,0.88,15,48,0.34,11,0.07,0.03,0.95,0.18,0.08,11.0,0,4.2,0,1.12,2.4
Sardines (Raw),100 g,124,19.2,0.0,4.6,0,0,1.2,61,82,341,142,2.1,34,240,1.42,28,0.08,0.18,4.8,0.54,0.21,8.0,7.4,0,4.8,0.82,0.1
Savory Deep Matrix (Murukku / Mixture / Banana / Potato Chips),100 g,525,9.5,51.4,31.2,3.8,1.1,6.4,0,680,240,54,2.1,48,142,0.88,18,0.14,0.06,1.45,0.32,0.11,24.0,0,0.6,0,4.85,12.4
Seeds Matrix (Sesame / Pumpkin / Sunflower / Flax / Chia Seeds),100 g,545,19.5,24.2,43.1,14.8,1.1,5.4,0,14,590,410,6.8,310,520,5.1,4,0.54,0.18,3.4,0.65,0.44,78.0,0,0.8,0,6.4,4.5
Semiya Upma,100 g,152,3.4,24.1,4.6,0.9,0.4,0.8,0,315,78,14,0.72,15,44,0.32,11,0.07,0.03,0.68,0.12,0.04,8.8,0,1.4,0,0.5,1.5
Sesame Rice,100 g,195,4.2,23.8,9.4,1.9,0.3,1.4,0,275,118,114,1.65,42,94,0.85,4,0.08,0.02,0.82,0.21,0.08,11.0,0,0.4,0,0.88,1.6
Set Dosa,1 piece (~50g),105,2.2,18.5,2.4,0.9,0.2,0.4,0,145,62,10,0.58,15,38,0.26,0,0.05,0.03,0.36,0.08,0.03,3.1,0,0,0,0.3,0.9
Soy Chunks (Dry Raw),100 g,345,52.0,33.0,0.5,13.0,4.5,0.08,0,20,1450,350,14.5,240,640,4.8,0,0.45,0.25,2.8,0.65,0.41,175.0,0,0,0,0.15,1.2
Soya Chunks (Dry Raw),100 g,345,52.0,33.0,0.5,13.0,4.5,0.08,0,20,1450,350,14.5,240,640,4.8,0,0.45,0.25,2.8,0.65,0.41,175.0,0,0,0,0.15,1.2
Spinach / Drumstick / Amaranth / Fenugreek Leaves (Raw),100 g,23,2.9,3.6,0.4,2.2,0.4,0.06,0,79,558,99,2.71,79,49,0.53,469,0.08,0.19,0.72,0.06,0.2,194.0,0,28.1,0,2.03,482.9
Sprouts Salad,100 g,62,4.2,9.4,0.4,2.8,3.1,0.06,0,15,214,24,1.12,28,64,0.42,32,0.09,0.05,0.65,0.18,0.08,24.0,0,14.5,0,0.32,4.2
Sprouts Sundal / Green Gram Sundal,100 g,145,7.2,18.5,4.8,4.2,1.6,1.8,0,210,284,32,1.65,44,108,0.74,12,0.14,0.06,0.82,0.24,0.09,36.5,0,4.5,0,0.45,2.2
Sugarcane Juice,100 g (~100ml),68,0.1,17.4,0.1,0.4,15.6,0.01,0,6,68,12,0.38,9,8,0.04,0,0.01,0.02,0.08,0.04,0.01,1.4,0,1.1,0,0.02,0.1
"Sukku Coffee (Ginger-Pepper Brew, Unsweetened)",100 g,8,0.2,1.6,0.1,0.3,0.1,0.01,0,4,34,12,0.24,6,8,0.05,0,0.01,0.01,0.12,0.04,0.02,1.1,0,0.4,0,0.02,0.1
Sundal (White Chickpeas / Chana),100 g,164,8.1,20.8,5.4,5.6,1.1,0.6,0,230,284,42,2.2,46,118,0.82,11,0.15,0.05,0.72,0.25,0.11,42.0,0,1.8,0,0.48,2.4
Sundals Matrix (Kollu Sundal / Chickpea / Green Gram),100 g,145,7.2,18.5,4.8,4.2,1.6,1.8,0,210,284,32,1.65,44,108,0.74,12,0.14,0.06,0.82,0.24,0.09,36.5,0,4.5,0,0.45,2.2
Sweet Paniyaram,1 piece (~25g),65,0.7,11.2,1.8,0.5,4.5,0.6,0,45,42,9,0.42,9,16,0.11,2,0.02,0.01,0.14,0.04,0.02,1.1,0,0.1,0,0.12,0.3
Sweet Potato (Raw),100 g,86,1.6,20.1,0.1,3.0,4.2,0.02,0,55,337,30,0.61,25,47,0.3,709,0.08,0.06,0.56,0.8,0.21,11.0,0,2.4,0,0.26,1.8
Tamarind Rice,100 g,182,3.4,27.2,6.8,1.4,2.1,1.1,0,310,94,22,0.92,22,54,0.41,8,0.06,0.03,0.52,0.15,0.05,7.5,0,1.2,0,0.64,2.1
Tamarind Rice (Puliyodarai),100 g,182,3.4,27.2,6.8,1.4,2.1,1.1,0,310,94,22,0.92,22,54,0.41,8,0.06,0.03,0.52,0.15,0.05,7.5,0,1.2,0,0.64,2.1
Tandoori Chicken / Grilled Chicken,100 g,165,24.8,1.1,6.8,0.2,0.1,1.9,78,380,245,18,0.94,25,182,0.95,14,0.06,0.12,8.2,0.74,0.42,4.5,0.32,0.6,0.1,0.42,1.1
Tandoori Roti,1 piece (~60g),148,4.9,30.5,0.6,4.1,0.3,0.1,0,160,174,21,1.95,61,141,1.12,0,0.22,0.05,2.24,0.34,0.14,21.0,0,0,0,0.48,1.1
Tea / Coffee / Filter Coffee (With Milk & Sugar),100 g,65,2.1,8.5,2.5,0,7.8,1.5,8,32,115,78,0.04,11,62,0.28,22,0.02,0.09,0.21,0.22,0.03,3.4,0.24,0.4,0.04,0.04,0.1
Tender Coconut / Coconut Water,100 g (~100ml),19,0.7,3.7,0.2,1.1,2.6,0.15,0,105,250,24,0.29,25,20,0.1,0,0.03,0.06,0.08,0.04,0.03,3.0,0,2.4,0,0.0,0.0
Tender Coconut Water,100 g,19,0.7,3.7,0.2,1.1,2.6,0.15,0,105,250,24,0.29,25,20,0.1,0,0.03,0.06,0.08,0.04,0.03,3.0,0,2.4,0,0.0,0.0
Thinai Dosa,1 piece (~65g),134,3.9,22.1,2.8,2.1,0.1,0.4,0,180,122,16,1.35,38,94,0.64,1,0.14,0.04,1.15,0.22,0.09,15.2,0,0,0,0.38,1.3
Thinai Pongal,100 g,178,5.2,22.8,6.9,2.8,0.2,3.5,11,280,158,22,1.62,46,112,0.78,44,0.16,0.05,1.25,0.26,0.11,21.0,0.01,0.3,0.07,0.38,1.2
Tofu (Firm),100 g,76,8.1,1.9,4.8,0.3,0.4,0.7,0,7,121,350,5.4,30,97,0.8,7,0.08,0.05,0.38,0.07,0.05,15.0,0,0.1,0,0.01,2.4
Tomato (Raw),100 g,18,0.9,3.9,0.2,1.2,2.6,0.03,0,5,237,10,0.27,11,24,0.17,42,0.04,0.02,0.59,0.25,0.08,15.0,0,13.7,0,0.54,7.9
Tomato Chutney / Onion Chutney,100 g,84,1.4,8.2,5.4,1.6,4.1,0.8,0,345,195,14,0.58,12,28,0.21,42,0.05,0.03,0.48,0.14,0.06,11.0,0,9.2,0,0.58,2.1
Tomato Rice,100 g,154,2.9,24.1,5.1,1.2,1.6,0.8,0,290,122,16,0.62,18,44,0.35,26,0.05,0.03,0.54,0.15,0.06,8.2,0,4.8,0,0.52,1.9
"Tuna (Canned in Water, Drained)",100 g,116,25.5,0.0,0.8,0,0,0.2,36,338,237,11,1.54,27,163,0.77,14,0.03,0.06,13.3,0.21,0.43,4.0,2.2,0,1.7,0.68,0.0
Upma / Rava Upma,100 g,142,3.2,22.1,4.5,1.2,0.6,0.8,0,310,85,16,0.78,18,48,0.36,14,0.08,0.03,0.72,0.14,0.05,9.5,0,1.8,0,0.48,1.6
Uthappam / Onion / Tomato / Vegetable Uthappam,1 piece (~120g),215,4.8,38.5,4.2,2.6,2.1,0.8,0,310,160,24,1.32,31,74,0.52,32,0.11,0.05,0.74,0.22,0.09,11.5,0,4.2,0,0.54,2.2
Vadacurry,100 g,168,5.4,14.2,9.8,3.1,1.1,1.6,0,340,210,32,1.45,29,82,0.64,35,0.11,0.05,0.88,0.22,0.08,22.5,0,2.4,0,0.85,2.8
Varagu Upma,100 g,138,3.6,21.5,4.1,3.4,0.4,0.7,0,305,114,19,1.15,42,88,0.68,12,0.12,0.04,0.88,0.22,0.08,13.5,0,1.6,0,0.45,1.5
Vatha Kuzhambu / Kara / Puli Kuzhambu,100 g,88,1.2,11.4,4.3,1.9,4.8,0.6,0,340,128,31,0.95,18,26,0.24,34,0.03,0.02,0.45,0.11,0.05,8.5,0,2.1,0,0.54,2.2
Veg Biryani / Mushroom Biryani,100 g,162,3.4,24.2,5.7,1.8,1.1,1.8,2,320,124,22,0.92,20,62,0.51,24,0.06,0.04,1.15,0.24,0.08,12.5,0.02,2.1,0.05,0.46,2.2
Veg Fried Rice / Schezwan Fried Rice,100 g,168,3.1,27.4,5.2,1.4,1.6,0.9,0,410,118,19,0.84,15,52,0.41,26,0.06,0.03,1.1,0.18,0.06,11.0,0,3.1,0,0.44,2.1
Veg Meals / Full Meals / Banana Leaf Meals (Composite Density),100 g,138,3.2,22.4,4.1,2.4,1.8,1.2,2,310,165,38,0.95,26,65,0.52,42,0.08,0.04,0.72,0.21,0.07,16.5,0.02,4.2,0.02,0.45,3.8
Veg Puff,1 piece (~80g),285,4.1,28.5,17.2,2.1,1.4,8.5,0,380,114,18,0.95,16,54,0.38,18,0.08,0.04,1.2,0.22,0.06,16.5,0,2.4,0,1.65,4.2
Vegetable Biryani / Mushroom Biryani,100 g,162,3.4,24.2,5.7,1.8,1.1,1.8,2,320,124,22,0.92,20,62,0.51,24,0.06,0.04,1.15,0.24,0.08,12.5,0.02,2.1,0.05,0.46,2.2
Vegetable Biryani / Mushroom Biryani / Pulao,100 g,162,3.4,24.2,5.7,1.8,1.1,1.8,2,320,124,22,0.92,20,62,0.51,24,0.06,0.04,1.15,0.24,0.08,12.5,0.02,2.1,0.05,0.46,2.2
Vegetable Kurma,100 g,112,2.2,9.5,7.6,2.4,2.1,4.5,0,290,185,26,0.82,18,45,0.34,68,0.06,0.04,0.62,0.19,0.07,15.4,0,4.8,0,0.42,2.5
Vegetable Kurma / Mixed Vegetable Curry,100 g,112,2.2,9.5,7.6,2.4,2.1,4.5,0,290,185,26,0.82,18,45,0.34,68,0.06,0.04,0.62,0.19,0.07,15.4,0,4.8,0,0.42,2.5
Vegetable Sandwich / Whole Wheat Sandwich,1 piece (~120g),195,6.4,34.8,3.2,5.4,2.9,0.6,0,340,210,48,1.82,44,98,0.88,42,0.16,0.07,2.1,0.34,0.15,28.5,0,8.5,0,0.55,4.8
Wheat Dosa,1 piece (~60g),118,3.9,22.8,1.8,2.6,0.3,0.3,0,165,115,14,1.12,38,92,0.65,2,0.12,0.04,1.25,0.22,0.09,14.5,0,0.1,0,0.32,1.1
Wheat Rava Upma,100 g,134,4.1,22.4,3.9,3.1,0.5,0.6,0,290,128,19,1.22,36,85,0.62,15,0.14,0.04,1.35,0.24,0.1,14.8,0,1.9,0,0.44,1.4
White Rice (Cooked),100 g,130,2.4,28.2,0.2,0.4,0.05,0.05,0,5,26,3,0.2,12,37,0.42,0,0.02,0.01,0.4,0.15,0.05,3.0,0,0,0,0.03,0.1
Whole Wheat Sandwich / Vegetable Sandwich,1 piece (~120g),195,6.4,34.8,3.2,5.4,2.9,0.6,0,340,210,48,1.82,44,98,0.88,42,0.16,0.07,2.1,0.34,0.15,28.5,0,8.5,0,0.55,4.8
Yam / Colocasia (Raw Tuber),100 g,118,1.5,27.9,0.2,4.1,0.5,0.04,0,9,816,17,0.54,21,55,0.24,7,0.11,0.03,0.55,0.31,0.29,23.0,0,17.1,0,0.35,2.3
